{"name":"abce1876-939c-4abc-838b-8b81440d2234","id":"/providers/Microsoft.Flow/flows/abce1876-939c-4abc-838b-8b81440d2234","type":"Microsoft.Flow/flows","properties":{"apiId":"/providers/Microsoft.PowerApps/apis/shared_logicflows","displayName":"Send Email Multiuser at a time","definition":{"metadata":{"workflowEntityId":null,"processAdvisorMetadata":null,"flowChargedByPaygo":null,"migrationSourceId":"/subscriptions/b745f25e-91b5-4140-9d73-93b10b1dfb1d/resourceGroups/fbcab41b0c1541f29858b64924a83a6c-5e12a5cef82b4bd9b737112a4c3b08d8/providers/Microsoft.Logic/workflows/abce1876-939c-4abc-838b-8b81440d2234-azshadow","flowclientsuspensionreason":"None","flowclientsuspensiontime":null,"flowclientsuspensionreasondetails":null,"creator":{"id":"5e12a5ce-f82b-4bd9-b737-112a4c3b08d8","type":"User","tenantId":"fbcab41b-0c15-41f2-9858-b64924a83a6c"},"provisioningMethod":"FromDefinition","failureAlertSubscription":true,"clientLastModifiedTime":"2025-10-15T04:18:35.3622561Z","clientCreatedTime":"2025-09-14T03:54:30.9315503Z","connectionKeySavedTimeKey":"2025-10-15T04:18:35.3622561Z","creationSource":null},"$schema":"https://schema.management.azure.com/providers/Microsoft.Logic/schemas/2016-06-01/workflowdefinition.json#","contentVersion":"1.0.0.0","parameters":{"$connections":{"defaultValue":{},"type":"Object"},"$authentication":{"defaultValue":{},"type":"SecureObject"}},"triggers":{"When_an_item_is_created":{"recurrence":{"frequency":"Minute","interval":1},"evaluatedRecurrence":{"frequency":"Minute","interval":1},"splitOn":"@triggerOutputs()?['body/value']","metadata":{"operationMetadataId":"0131ff09-f5d3-4239-8355-483e63b1dff5"},"type":"OpenApiConnection","inputs":{"host":{"apiId":"/providers/Microsoft.PowerApps/apis/shared_sharepointonline","connectionName":"shared_sharepointonline","operationId":"GetOnNewItems"},"parameters":{"dataset":"https://indica.sharepoint.com/sites/Shubham","table":"3a1e369e-3bb3-489e-8fa6-d58b6d4ae402"},"authentication":"@parameters('$authentication')"}}},"actions":{"Get_items":{"runAfter":{},"metadata":{"operationMetadataId":"9b6adf6c-a7d2-4f43-bdae-f4c481606c1e"},"type":"OpenApiConnection","inputs":{"host":{"apiId":"/providers/Microsoft.PowerApps/apis/shared_sharepointonline","connectionName":"shared_sharepointonline","operationId":"GetItems"},"parameters":{"dataset":"https://indica.sharepoint.com/sites/Shubham","table":"3a1e369e-3bb3-489e-8fa6-d58b6d4ae402"},"authentication":"@parameters('$authentication')"}},"Initialize_variable":{"runAfter":{"Get_items":["Succeeded"]},"metadata":{"operationMetadataId":"bc7f940a-d2b5-427c-a4ee-ab58793fe9b9"},"type":"InitializeVariable","inputs":{"variables":[{"name":"User Email","type":"array"}]}},"Apply_to_each":{"foreach":"@outputs('Get_items')?['body/value']","actions":{"Compose":{"runAfter":{},"metadata":{"operationMetadataId":"9c584366-717d-4ba9-8f5b-713a626e2b87"},"type":"Compose","inputs":"@items('Apply_to_each')?['MemberName/Email']"},"Append_to_array_variable":{"runAfter":{"Compose":["Succeeded"]},"metadata":{"operationMetadataId":"2cac1481-2c08-43fa-833c-64ace995d95f"},"type":"AppendToArrayVariable","inputs":{"name":"User Email","value":"@outputs('Compose')"}}},"runAfter":{"Initialize_variable":["Succeeded"]},"metadata":{"operationMetadataId":"064efd3d-3b53-4640-b13a-debf0230e726"},"type":"Foreach"},"My_Array":{"runAfter":{"Apply_to_each":["Succeeded"]},"metadata":{"operationMetadataId":"8dcb77f2-4ba7-4ff1-8ee7-4c5388e7aefe"},"type":"Compose","inputs":"@variables('User Email')"},"Users_Email":{"runAfter":{"My_Array":["Succeeded"]},"metadata":{"operationMetadataId":"a1771af2-05ba-4688-b62f-9bd600fa7360"},"type":"Compose","inputs":"@replace(replace(replace(replace(string(variables('User Email')),'[',''),']',''),'\"',''),',',';')"},"Send_an_email_(V2)":{"runAfter":{"Users_Email":["Succeeded"]},"metadata":{"operationMetadataId":"e753e90a-a60d-48e5-8498-44c83925e044"},"type":"OpenApiConnection","inputs":{"host":{"apiId":"/providers/Microsoft.PowerApps/apis/shared_office365","connectionName":"shared_office365","operationId":"SendEmailV2"},"parameters":{"emailMessage/To":"@outputs('Users_Email')","emailMessage/Subject":"Hello All","emailMessage/Body":"<p>Hello All</p>","emailMessage/Importance":"Normal"},"authentication":"@parameters('$authentication')"}}}},"connectionReferences":{"shared_sharepointonline":{"connectionName":"03f227e6dbc34fc39419a35e9ec677df","source":"Embedded","id":"/providers/Microsoft.PowerApps/apis/shared_sharepointonline","tier":"NotSpecified","apiName":"sharepointonline","isProcessSimpleApiReferenceConversionAlreadyDone":false},"shared_office365":{"connectionName":"shared-office365-9ddec729-f807-4222-9d8e-ca0a130c9b3b","source":"Embedded","id":"/providers/Microsoft.PowerApps/apis/shared_office365","tier":"NotSpecified","apiName":"office365","isProcessSimpleApiReferenceConversionAlreadyDone":false}},"flowFailureAlertSubscribed":false,"isManaged":false}}