{"name":"70c5c5ba-9020-4c16-9129-0a1b44fc0753","id":"/providers/Microsoft.Flow/flows/70c5c5ba-9020-4c16-9129-0a1b44fc0753","type":"Microsoft.Flow/flows","properties":{"apiId":"/providers/Microsoft.PowerApps/apis/shared_logicflows","displayName":"Document_Nested_Folder_Creation","definition":{"metadata":{"workflowEntityId":null,"processAdvisorMetadata":null,"flowChargedByPaygo":null,"migrationSourceId":"/subscriptions/689ae050-9b02-4149-8b91-e748fd66aca1/resourceGroups/fbcab41b0c1541f29858b64924a83a6c-defaultfbcab41b0c1541f29858b64924a83a6c-env/providers/Microsoft.Logic/workflows/70c5c5ba-9020-4c16-9129-0a1b44fc0753-azshadow","flowclientsuspensionreason":"None","flowclientsuspensiontime":null,"flowclientsuspensionreasondetails":null,"creator":{"id":"5e12a5ce-f82b-4bd9-b737-112a4c3b08d8","type":"User","tenantId":"fbcab41b-0c15-41f2-9858-b64924a83a6c"},"provisioningMethod":"FromDefinition","failureAlertSubscription":true,"clientLastModifiedTime":"2025-10-15T04:07:36.6707107Z","clientCreatedTime":"2025-09-14T03:41:28.6938155Z","connectionKeySavedTimeKey":"2025-10-15T04:07:36.6707107Z","creationSource":null,"modifiedSources":"Portal"},"$schema":"https://schema.management.azure.com/providers/Microsoft.Logic/schemas/2016-06-01/workflowdefinition.json#","contentVersion":"1.0.0.0","parameters":{"$connections":{"defaultValue":{},"type":"Object"},"$authentication":{"defaultValue":{},"type":"SecureObject"}},"triggers":{"When_an_item_is_created_or_modified":{"recurrence":{"frequency":"Minute","interval":1},"evaluatedRecurrence":{"frequency":"Minute","interval":1},"splitOn":"@triggerOutputs()?['body/value']","metadata":{"operationMetadataId":"a39159ea-e008-4365-b461-bb1bf9c657a4"},"type":"OpenApiConnection","inputs":{"host":{"apiId":"/providers/Microsoft.PowerApps/apis/shared_sharepointonline","connectionName":"shared_sharepointonline","operationId":"GetOnUpdatedItems"},"parameters":{"dataset":"https://indica.sharepoint.com/sites/Shubham","table":"a1392d4c-b6d8-4616-ab37-a52f6f5e3184"},"authentication":"@parameters('$authentication')"}}},"actions":{"Get_items":{"runAfter":{},"metadata":{"operationMetadataId":"532ba6d4-f497-4448-964f-83103d796028"},"type":"OpenApiConnection","inputs":{"host":{"apiId":"/providers/Microsoft.PowerApps/apis/shared_sharepointonline","connectionName":"shared_sharepointonline","operationId":"GetItems"},"parameters":{"dataset":"https://indica.sharepoint.com/sites/Shubham","table":"a625dd8b-f8e6-4878-bed8-dc8a59113ddc","$filter":"FileLeafRef eq '@{triggerOutputs()?['body/Title']}' "},"authentication":"@parameters('$authentication')"}},"folder_is_existing_count":{"runAfter":{"Get_items":["Succeeded"]},"metadata":{"operationMetadataId":"114043de-b31b-4a65-9ed8-c8e0f9ecc5c7"},"type":"Compose","inputs":"@length(outputs('Get_items')?['body/value'])"},"Condition":{"actions":{"Create_new_folder_-_Title":{"runAfter":{},"metadata":{"operationMetadataId":"95cc46b4-e611-4d78-88eb-d7a81e4e78f3"},"type":"OpenApiConnection","inputs":{"host":{"apiId":"/providers/Microsoft.PowerApps/apis/shared_sharepointonline","connectionName":"shared_sharepointonline","operationId":"CreateNewFolder"},"parameters":{"dataset":"https://indica.sharepoint.com/sites/Shubham","table":"a625dd8b-f8e6-4878-bed8-dc8a59113ddc","parameters/path":"/@{triggerOutputs()?['body/Title']}"},"authentication":"@parameters('$authentication')"}},"Create_new_folder_-Application":{"runAfter":{"Create_new_folder_-_Title":["Succeeded"]},"metadata":{"operationMetadataId":"30d44583-ce1e-4544-8344-cc9f4567bc96"},"type":"OpenApiConnection","inputs":{"host":{"apiId":"/providers/Microsoft.PowerApps/apis/shared_sharepointonline","connectionName":"shared_sharepointonline","operationId":"CreateNewFolder"},"parameters":{"dataset":"https://indica.sharepoint.com/sites/Shubham","table":"a625dd8b-f8e6-4878-bed8-dc8a59113ddc","parameters/path":"/@{triggerOutputs()?['body/Title']}/@{triggerOutputs()?['body/Application/Value']}"},"authentication":"@parameters('$authentication')"}},"Create_new_folder_-_Location":{"runAfter":{"Create_new_folder_-Application":["Succeeded"]},"metadata":{"operationMetadataId":"e8a2560e-95e3-4080-882a-c88df7aee5e9"},"type":"OpenApiConnection","inputs":{"host":{"apiId":"/providers/Microsoft.PowerApps/apis/shared_sharepointonline","connectionName":"shared_sharepointonline","operationId":"CreateNewFolder"},"parameters":{"dataset":"https://indica.sharepoint.com/sites/Shubham","table":"a625dd8b-f8e6-4878-bed8-dc8a59113ddc","parameters/path":"/@{triggerOutputs()?['body/Title']}/@{triggerOutputs()?['body/Application/Value']}/@{triggerOutputs()?['body/Location/Value']}"},"authentication":"@parameters('$authentication')"}},"Create_new_folder_-_Category":{"runAfter":{"Create_new_folder_-_Location":["Succeeded"]},"metadata":{"operationMetadataId":"19250f15-d468-4a60-9ac1-e388e958c9c3"},"type":"OpenApiConnection","inputs":{"host":{"apiId":"/providers/Microsoft.PowerApps/apis/shared_sharepointonline","connectionName":"shared_sharepointonline","operationId":"CreateNewFolder"},"parameters":{"dataset":"https://indica.sharepoint.com/sites/Shubham","table":"a625dd8b-f8e6-4878-bed8-dc8a59113ddc","parameters/path":"/@{triggerOutputs()?['body/Title']}/@{triggerOutputs()?['body/Application/Value']}/@{triggerOutputs()?['body/Location/Value']}/@{triggerOutputs()?['body/Category/Value']}"},"authentication":"@parameters('$authentication')"}},"Create_new_folder_-_Legislation":{"runAfter":{"Create_new_folder_-_Category":["Succeeded"]},"metadata":{"operationMetadataId":"6e9ab601-25a5-4dc5-ae2b-0a022f399fae"},"type":"OpenApiConnection","inputs":{"host":{"apiId":"/providers/Microsoft.PowerApps/apis/shared_sharepointonline","connectionName":"shared_sharepointonline","operationId":"CreateNewFolder"},"parameters":{"dataset":"https://indica.sharepoint.com/sites/Shubham","table":"a625dd8b-f8e6-4878-bed8-dc8a59113ddc","parameters/path":"/@{triggerOutputs()?['body/Title']}/@{triggerOutputs()?['body/Application/Value']}/@{triggerOutputs()?['body/Location/Value']}/@{triggerOutputs()?['body/Category/Value']}/@{triggerOutputs()?['body/Legislation/Value']}"},"authentication":"@parameters('$authentication')"}},"Apply_to_each_2":{"foreach":"@outputs('Get_items')?['body/value']","actions":{"Get_attachments":{"runAfter":{},"metadata":{"operationMetadataId":"824cff9b-ae2a-4ef7-8093-662c834571b2"},"type":"OpenApiConnection","inputs":{"host":{"apiId":"/providers/Microsoft.PowerApps/apis/shared_sharepointonline","connectionName":"shared_sharepointonline","operationId":"GetItemAttachments"},"parameters":{"dataset":"https://indica.sharepoint.com/sites/Shubham","table":"a1392d4c-b6d8-4616-ab37-a52f6f5e3184","itemId":"@triggerOutputs()?['body/ID']"},"authentication":"@parameters('$authentication')"}},"Delay_2":{"runAfter":{"Get_attachments":["Succeeded"]},"metadata":{"operationMetadataId":"2587394b-7ac7-4a65-a5d4-c80287f9983a"},"type":"Wait","inputs":{"interval":{"count":10,"unit":"Second"}}},"Apply_to_each_3":{"foreach":"@body('Get_attachments')","actions":{"Get_attachment_content_2":{"runAfter":{},"metadata":{"operationMetadataId":"8448205d-5d0d-45cc-914d-192181bc0c8d"},"type":"OpenApiConnection","inputs":{"host":{"apiId":"/providers/Microsoft.PowerApps/apis/shared_sharepointonline","connectionName":"shared_sharepointonline","operationId":"GetAttachmentContent"},"parameters":{"dataset":"https://indica.sharepoint.com/sites/Shubham","table":"a1392d4c-b6d8-4616-ab37-a52f6f5e3184","itemId":"@items('Apply_to_each_2')?['ID']","attachmentId":"@item()?['Id']"},"authentication":"@parameters('$authentication')"}},"Create_file_2":{"runAfter":{"Get_attachment_content_2":["Succeeded"]},"metadata":{"operationMetadataId":"bea169d8-3f9a-485e-9c9c-6c12049d6338"},"type":"OpenApiConnection","inputs":{"host":{"apiId":"/providers/Microsoft.PowerApps/apis/shared_sharepointonline","connectionName":"shared_sharepointonline","operationId":"CreateFile"},"parameters":{"dataset":"https://indica.sharepoint.com/sites/Shubham","folderPath":"/@{triggerOutputs()?['body/Title']}/@{triggerOutputs()?['body/Application/Value']}","name":"@item()?['DisplayName']","body":"@body('Get_attachment_content_2')"},"authentication":"@parameters('$authentication')"},"runtimeConfiguration":{"contentTransfer":{"transferMode":"Chunked"}}}},"runAfter":{"Delay_2":["Succeeded"]},"metadata":{"operationMetadataId":"57b6a33b-b438-4703-9716-9984b5d2a1d7"},"type":"Foreach"}},"runAfter":{"Create_new_folder_-_Legislation":["Succeeded"]},"metadata":{"operationMetadataId":"4f45951f-0753-479d-93cc-3cb499f4f23e"},"type":"Foreach"}},"runAfter":{"folder_is_existing_count":["Succeeded"]},"expression":{"equals":["@outputs('folder_is_existing_count')",0]},"metadata":{"operationMetadataId":"ff9f1fd2-148c-4c03-a632-4169b4e220e2"},"type":"If"}}},"connectionReferences":{"shared_sharepointonline":{"connectionName":"432784188ee44fbd86a99c46fde77805","source":"Embedded","id":"/providers/Microsoft.PowerApps/apis/shared_sharepointonline","tier":"NotSpecified","apiName":"sharepointonline","isProcessSimpleApiReferenceConversionAlreadyDone":false}},"flowFailureAlertSubscribed":false,"isManaged":false}}