{"name":"7804292d-0d34-499b-934d-ad0adc6b6ed0","id":"/providers/Microsoft.Flow/flows/7804292d-0d34-499b-934d-ad0adc6b6ed0","type":"Microsoft.Flow/flows","properties":{"apiId":"/providers/Microsoft.PowerApps/apis/shared_logicflows","displayName":"Update Created By Modifed by Column","definition":{"metadata":{"workflowEntityId":null,"processAdvisorMetadata":null,"flowChargedByPaygo":null,"flowclientsuspensionreason":"None","flowclientsuspensiontime":null,"flowclientsuspensionreasondetails":null,"creator":{"id":"5e12a5ce-f82b-4bd9-b737-112a4c3b08d8","type":"User","tenantId":"fbcab41b-0c15-41f2-9858-b64924a83a6c"},"provisioningMethod":"FromDefinition","failureAlertSubscription":true,"clientLastModifiedTime":"2024-09-18T11:08:53.1545789Z","connectionKeySavedTimeKey":"2025-09-15T12:11:02.126848Z","clientCreatedTime":"2025-09-14T03:51:30.3249315Z","migrationSourceId":"/subscriptions/b745f25e-91b5-4140-9d73-93b10b1dfb1d/resourceGroups/fbcab41b0c1541f29858b64924a83a6c-5e12a5cef82b4bd9b737112a4c3b08d8/providers/Microsoft.Logic/workflows/7804292d-0d34-499b-934d-ad0adc6b6ed0-azshadow"},"$schema":"https://schema.management.azure.com/providers/Microsoft.Logic/schemas/2016-06-01/workflowdefinition.json#","contentVersion":"1.0.0.0","parameters":{"$connections":{"defaultValue":{},"type":"Object"},"$authentication":{"defaultValue":{},"type":"SecureObject"}},"triggers":{"manual":{"metadata":{"operationMetadataId":"abea0c1e-d268-45de-b69b-17abbf498fe6"},"type":"Request","kind":"Button","inputs":{"schema":{"type":"object","properties":{},"required":[]}}}},"actions":{"Get_items":{"runAfter":{},"metadata":{"operationMetadataId":"55e7bb5a-ef7b-4106-bb02-d09ee18b6b23"},"type":"OpenApiConnection","inputs":{"host":{"apiId":"/providers/Microsoft.PowerApps/apis/shared_sharepointonline","connectionName":"shared_sharepointonline","operationId":"GetItems"},"parameters":{"dataset":"https://indica.sharepoint.com/sites/Shubham","table":"993df629-eb9b-4a27-959c-c325c186ad31"},"authentication":{"value":"@json(decodeBase64(triggerOutputs().headers['X-MS-APIM-Tokens']))['$ConnectionKey']","type":"Raw"}}},"Last_Expression":{"runAfter":{"Initialize_variable":["Succeeded"]},"metadata":{"operationMetadataId":"e1b64ae1-e4a9-4b8c-b317-a7910b9c9d31"},"type":"Compose","inputs":"@last(outputs('Get_items')?['body/value'])?['ID']"},"Initialize_variable":{"runAfter":{"Get_items":["Succeeded"]},"metadata":{"operationMetadataId":"e3f8f0f7-c554-438f-bc24-ad76a3ee642b"},"type":"InitializeVariable","inputs":{"variables":[{"name":"Id","type":"integer"}]}},"Apply_to_each":{"foreach":"@outputs('Get_items')?['body/value']","actions":{"Set_variable":{"runAfter":{},"metadata":{"operationMetadataId":"45441b34-0507-426c-bed6-25d41e9f1b91"},"type":"SetVariable","inputs":{"name":"Id","value":"@items('Apply_to_each')?['ID']"}},"Condition":{"actions":{"Send_an_email_(V2)":{"runAfter":{},"metadata":{"operationMetadataId":"f541a508-502e-4c97-a7f8-f7761b79ae31"},"type":"OpenApiConnection","inputs":{"host":{"apiId":"/providers/Microsoft.PowerApps/apis/shared_office365","connectionName":"shared_office365","operationId":"SendEmailV2"},"parameters":{"emailMessage/To":"Shubham@indica.onmicrosoft.com","emailMessage/Subject":"Test","emailMessage/Body":"<p>Test</p>","emailMessage/Importance":"Normal"},"authentication":{"value":"@json(decodeBase64(triggerOutputs().headers['X-MS-APIM-Tokens']))['$ConnectionKey']","type":"Raw"}}}},"runAfter":{"Set_variable":["Succeeded"]},"expression":{"equals":["@outputs('Last_Expression')","@variables('Id')"]},"metadata":{"operationMetadataId":"5e6fb9cf-8a64-4060-8bda-625cf94f07fa"},"type":"If"}},"runAfter":{"Last_Expression":["Succeeded"]},"metadata":{"operationMetadataId":"a5c2a1d4-dcce-46b8-9b74-f9802b9a3227"},"type":"Foreach"}},"description":"in this flow we can update created by and modified column using Power Automate flow"},"connectionReferences":{"shared_sharepointonline":{"connectionName":"03f227e6dbc34fc39419a35e9ec677df","source":"Invoker","id":"/providers/Microsoft.PowerApps/apis/shared_sharepointonline","tier":"NotSpecified","apiName":"sharepointonline","isProcessSimpleApiReferenceConversionAlreadyDone":false},"shared_office365":{"connectionName":"shared-office365-9ddec729-f807-4222-9d8e-ca0a130c9b3b","source":"Invoker","id":"/providers/Microsoft.PowerApps/apis/shared_office365","tier":"NotSpecified","apiName":"office365","isProcessSimpleApiReferenceConversionAlreadyDone":false}},"flowFailureAlertSubscribed":false,"isManaged":false}}