{"name":"a4fc7b61-544c-426d-85ad-ca31bdd69f23","id":"/providers/Microsoft.Flow/flows/a4fc7b61-544c-426d-85ad-ca31bdd69f23","type":"Microsoft.Flow/flows","properties":{"apiId":"/providers/Microsoft.PowerApps/apis/shared_logicflows","displayName":"Get_Site_Users","definition":{"metadata":{"workflowEntityId":null,"processAdvisorMetadata":null,"flowChargedByPaygo":null,"flowclientsuspensionreason":"None","flowclientsuspensiontime":null,"flowclientsuspensionreasondetails":null,"creator":{"id":"5e12a5ce-f82b-4bd9-b737-112a4c3b08d8","type":"User","tenantId":"fbcab41b-0c15-41f2-9858-b64924a83a6c"},"provisioningMethod":"FromDefinition","failureAlertSubscription":true,"clientLastModifiedTime":"2025-08-11T10:54:42.5814536Z","connectionKeySavedTimeKey":"2025-09-11T09:47:01.7323672Z","creationSource":null,"clientCreatedTime":"2025-09-14T03:44:14.5215655Z","migrationSourceId":"/subscriptions/689ae050-9b02-4149-8b91-e748fd66aca1/resourceGroups/fbcab41b0c1541f29858b64924a83a6c-defaultfbcab41b0c1541f29858b64924a83a6c-env/providers/Microsoft.Logic/workflows/a4fc7b61-544c-426d-85ad-ca31bdd69f23-azshadow"},"$schema":"https://schema.management.azure.com/providers/Microsoft.Logic/schemas/2016-06-01/workflowdefinition.json#","contentVersion":"1.0.0.0","parameters":{"$connections":{"defaultValue":{},"type":"Object"},"$authentication":{"defaultValue":{},"type":"SecureObject"}},"triggers":{"manual":{"metadata":{"operationMetadataId":"00678985-5c61-4fd4-a692-7e9daed10d03"},"type":"Request","kind":"Button","inputs":{"schema":{"type":"object","properties":{"email":{"title":"user","type":"string","format":"email","x-ms-dynamically-added":true,"description":"Samiksha@indica.onmicrosoft.com","x-ms-content-hint":"EMAIL"}},"required":["email"]},"headersSchema":{"x-ms-user-email-encoded":{"title":"User email","type":"string","format":"byte","x-ms-dynamically-added":false}}}}},"actions":{"Send_an_HTTP_request_to_SharePoint":{"runAfter":{},"metadata":{"operationMetadataId":"f2750358-4180-49bc-8f66-8b93e7628ddb"},"type":"OpenApiConnection","inputs":{"host":{"apiId":"/providers/Microsoft.PowerApps/apis/shared_sharepointonline","connectionName":"shared_sharepointonline","operationId":"HttpRequest"},"parameters":{"dataset":"https://indica.sharepoint.com/sites/Shubham","parameters/method":"GET","parameters/uri":"_api/lists/getbytitle('Hot Topics')/RoleAssignments?$expand=Member/Users,RoleDefinitionBindings"},"authentication":{"value":"@json(decodeBase64(triggerOutputs().headers['X-MS-APIM-Tokens']))['$ConnectionKey']","type":"Raw"}}},"Compose":{"runAfter":{"Send_an_HTTP_request_to_SharePoint_2":["Succeeded"]},"metadata":{"operationMetadataId":"6901de1f-faba-4961-ad89-3a68b863e923"},"type":"Compose","inputs":"@body('Send_an_HTTP_request_to_SharePoint')?['d/results/Users']"},"Compose_2":{"runAfter":{"Compose":["Succeeded"]},"metadata":{"operationMetadataId":"25e52964-29a4-4313-9717-59fe5909666f"},"type":"Compose","inputs":"@length(outputs('Compose'))"},"Select":{"runAfter":{"Compose_2":["Succeeded"]},"metadata":{"operationMetadataId":"bf878ae9-30f9-4713-82a8-f6814f306f6e"},"type":"Select","inputs":{"from":"@outputs('Compose')","select":{"Group Name":"@item()?['UserPrincipalName']"}}},"Send_an_HTTP_request_to_SharePoint_2":{"runAfter":{"Send_an_HTTP_request_to_SharePoint":["Succeeded"]},"metadata":{"operationMetadataId":"13ea1d6f-e352-4e9a-9505-3b573a5bcb12"},"type":"OpenApiConnection","inputs":{"host":{"apiId":"/providers/Microsoft.PowerApps/apis/shared_sharepointonline","connectionName":"shared_sharepointonline","operationId":"HttpRequest"},"parameters":{"dataset":"https://indica.sharepoint.com/sites/Shubham","parameters/method":"GET","parameters/uri":"_api/web/lists/getbytitle('Hot Topics')/GetUserEffectivePermissions(@{triggerOutputs()['headers']['x-ms-user-email-encoded']})"},"authentication":{"value":"@json(decodeBase64(triggerOutputs().headers['X-MS-APIM-Tokens']))['$ConnectionKey']","type":"Raw"}}}}},"connectionReferences":{"shared_sharepointonline":{"connectionName":"432784188ee44fbd86a99c46fde77805","source":"Invoker","id":"/providers/Microsoft.PowerApps/apis/shared_sharepointonline","tier":"NotSpecified","apiName":"sharepointonline","isProcessSimpleApiReferenceConversionAlreadyDone":false}},"flowFailureAlertSubscribed":false,"isManaged":false}}