<ImportExportXml xmlns:xsi="http://www.w3.org/2001/XMLSchema-instance">
  <Entities></Entities>
  <Roles></Roles>
  <Workflows>
    <Workflow WorkflowId="{d96d5d6c-ad6d-ee11-8def-002248080375}" Name="Schedule Maintenance: Weekly Event Create- Back up">
      <JsonFileName>/Workflows/ScheduleMaintenanceWeeklyEventCreate-Backup-D96D5D6C-AD6D-EE11-8DEF-002248080375.json</JsonFileName>
      <Type>1</Type>
      <Subprocess>0</Subprocess>
      <Category>5</Category>
      <Mode>0</Mode>
      <Scope>4</Scope>
      <OnDemand>0</OnDemand>
      <TriggerOnCreate>0</TriggerOnCreate>
      <TriggerOnDelete>0</TriggerOnDelete>
      <AsyncAutodelete>0</AsyncAutodelete>
      <SyncWorkflowLogOnFailure>0</SyncWorkflowLogOnFailure>
      <StateCode>0</StateCode>
      <StatusCode>1</StatusCode>
      <RunAs>1</RunAs>
      <IsTransacted>1</IsTransacted>
      <IntroducedVersion>1.0.0.0</IntroducedVersion>
      <IsCustomizable>1</IsCustomizable>
      <IsCustomProcessingStepAllowedForOtherPublishers>1</IsCustomProcessingStepAllowedForOtherPublishers>
      <PrimaryEntity>none</PrimaryEntity>
      <LocalizedNames>
        <LocalizedName languagecode="1033" description="Schedule Maintenance: Weekly Event Create- Back up" />
      </LocalizedNames>
    </Workflow>
    <Workflow WorkflowId="{c3fc7103-b26d-ee11-8def-002248080375}" Name="Schedule Maintenance: Weekly Event Create" Description="This Flow must be ON!!!. In this workflow it will create Weekly based recurring event in the &quot;Maintenance Event&quot; SharePoint List. When an Item is created in &quot;Schedule Maintenance&quot; SharePoint List.">
      <JsonFileName>/Workflows/ScheduleMaintenanceWeeklyEventCreate-C3FC7103-B26D-EE11-8DEF-002248080375.json</JsonFileName>
      <Type>1</Type>
      <Subprocess>0</Subprocess>
      <Category>5</Category>
      <Mode>0</Mode>
      <Scope>4</Scope>
      <OnDemand>0</OnDemand>
      <TriggerOnCreate>0</TriggerOnCreate>
      <TriggerOnDelete>0</TriggerOnDelete>
      <AsyncAutodelete>0</AsyncAutodelete>
      <SyncWorkflowLogOnFailure>0</SyncWorkflowLogOnFailure>
      <StateCode>1</StateCode>
      <StatusCode>2</StatusCode>
      <RunAs>1</RunAs>
      <IsTransacted>1</IsTransacted>
      <IntroducedVersion>1.0.0.2</IntroducedVersion>
      <IsCustomizable>1</IsCustomizable>
      <IsCustomProcessingStepAllowedForOtherPublishers>1</IsCustomProcessingStepAllowedForOtherPublishers>
      <PrimaryEntity>none</PrimaryEntity>
      <LocalizedNames>
        <LocalizedName languagecode="1033" description="Schedule Maintenance: Weekly Event Create" />
      </LocalizedNames>
      <Descriptions>
        <Description languagecode="1033" description="This Flow must be ON!!!. In this workflow it will create Weekly based recurring event in the &quot;Maintenance Event&quot; SharePoint List. When an Item is created in &quot;Schedule Maintenance&quot; SharePoint List." />
      </Descriptions>
    </Workflow>
    <Workflow WorkflowId="{8c03cd98-b46d-ee11-8def-002248080375}" Name="Schedule Maintenance: Immediate Email Notification" Description="This Flow must be ON!!!. In this workflow it will send an Email only when in &quot;Category&quot; SharePoint List where &quot;Immediate Email notification&quot; column value is &quot;Yes&quot; then an only it will send an Email to &quot;Assigned To&quot; user.">
      <JsonFileName>/Workflows/ScheduleMaintenanceImmediateEmailNotification-8C03CD98-B46D-EE11-8DEF-002248080375.json</JsonFileName>
      <Type>1</Type>
      <Subprocess>0</Subprocess>
      <Category>5</Category>
      <Mode>0</Mode>
      <Scope>4</Scope>
      <OnDemand>0</OnDemand>
      <TriggerOnCreate>0</TriggerOnCreate>
      <TriggerOnDelete>0</TriggerOnDelete>
      <AsyncAutodelete>0</AsyncAutodelete>
      <SyncWorkflowLogOnFailure>0</SyncWorkflowLogOnFailure>
      <StateCode>1</StateCode>
      <StatusCode>2</StatusCode>
      <RunAs>1</RunAs>
      <IsTransacted>1</IsTransacted>
      <IntroducedVersion>1.0.0.3</IntroducedVersion>
      <IsCustomizable>1</IsCustomizable>
      <IsCustomProcessingStepAllowedForOtherPublishers>1</IsCustomProcessingStepAllowedForOtherPublishers>
      <PrimaryEntity>none</PrimaryEntity>
      <LocalizedNames>
        <LocalizedName languagecode="1033" description="Schedule Maintenance: Immediate Email Notification" />
      </LocalizedNames>
      <Descriptions>
        <Description languagecode="1033" description="This Flow must be ON!!!. In this workflow it will send an Email only when in &quot;Category&quot; SharePoint List where &quot;Immediate Email notification&quot; column value is &quot;Yes&quot; then an only it will send an Email to &quot;Assigned To&quot; user." />
      </Descriptions>
    </Workflow>
    <Workflow WorkflowId="{8d03cd98-b46d-ee11-8def-002248080375}" Name="Schedule Maintenance : Yearly Event Create" Description="This Flow must be ON!!!. In this workflow it will create Yearly based recurring event in the &quot;Maintenance Event&quot; SharePoint List. When an Item is created in &quot;Schedule Maintenance&quot; SharePoint List.">
      <JsonFileName>/Workflows/ScheduleMaintenanceYearlyEventCreate-8D03CD98-B46D-EE11-8DEF-002248080375.json</JsonFileName>
      <Type>1</Type>
      <Subprocess>0</Subprocess>
      <Category>5</Category>
      <Mode>0</Mode>
      <Scope>4</Scope>
      <OnDemand>0</OnDemand>
      <TriggerOnCreate>0</TriggerOnCreate>
      <TriggerOnDelete>0</TriggerOnDelete>
      <AsyncAutodelete>0</AsyncAutodelete>
      <SyncWorkflowLogOnFailure>0</SyncWorkflowLogOnFailure>
      <StateCode>1</StateCode>
      <StatusCode>2</StatusCode>
      <RunAs>1</RunAs>
      <IsTransacted>1</IsTransacted>
      <IntroducedVersion>1.0.0.3</IntroducedVersion>
      <IsCustomizable>1</IsCustomizable>
      <IsCustomProcessingStepAllowedForOtherPublishers>1</IsCustomProcessingStepAllowedForOtherPublishers>
      <PrimaryEntity>none</PrimaryEntity>
      <LocalizedNames>
        <LocalizedName languagecode="1033" description="Schedule Maintenance : Yearly Event Create" />
      </LocalizedNames>
      <Descriptions>
        <Description languagecode="1033" description="This Flow must be ON!!!. In this workflow it will create Yearly based recurring event in the &quot;Maintenance Event&quot; SharePoint List. When an Item is created in &quot;Schedule Maintenance&quot; SharePoint List." />
      </Descriptions>
    </Workflow>
    <Workflow WorkflowId="{8e03cd98-b46d-ee11-8def-002248080375}" Name="Schedule Maintenance: Monthly Event Create" Description="This Flow must be ON!!!. In this workflow it will create Monthly based recurring event in the &quot;Maintenance Event&quot; SharePoint List. When an Item is created in &quot;Schedule Maintenance&quot; SharePoint List.">
      <JsonFileName>/Workflows/ScheduleMaintenanceMonthlyEventCreate-8E03CD98-B46D-EE11-8DEF-002248080375.json</JsonFileName>
      <Type>1</Type>
      <Subprocess>0</Subprocess>
      <Category>5</Category>
      <Mode>0</Mode>
      <Scope>4</Scope>
      <OnDemand>0</OnDemand>
      <TriggerOnCreate>0</TriggerOnCreate>
      <TriggerOnDelete>0</TriggerOnDelete>
      <AsyncAutodelete>0</AsyncAutodelete>
      <SyncWorkflowLogOnFailure>0</SyncWorkflowLogOnFailure>
      <StateCode>1</StateCode>
      <StatusCode>2</StatusCode>
      <RunAs>1</RunAs>
      <IsTransacted>1</IsTransacted>
      <IntroducedVersion>1.0.0.3</IntroducedVersion>
      <IsCustomizable>1</IsCustomizable>
      <IsCustomProcessingStepAllowedForOtherPublishers>1</IsCustomProcessingStepAllowedForOtherPublishers>
      <PrimaryEntity>none</PrimaryEntity>
      <LocalizedNames>
        <LocalizedName languagecode="1033" description="Schedule Maintenance: Monthly Event Create" />
      </LocalizedNames>
      <Descriptions>
        <Description languagecode="1033" description="This Flow must be ON!!!. In this workflow it will create Monthly based recurring event in the &quot;Maintenance Event&quot; SharePoint List. When an Item is created in &quot;Schedule Maintenance&quot; SharePoint List." />
      </Descriptions>
    </Workflow>
    <Workflow WorkflowId="{8f03cd98-b46d-ee11-8def-002248080375}" Name="Schedule Maintenance: Email Notification" Description="This Flow Must be ON!!! This flow will run daily for Tranter Houston and Pune Plant as per Time Zone and Checked for Today's Event and Last 7 day's Events which are Incomplete and send an Email to Plant based SharePoint Group Users.">
      <JsonFileName>/Workflows/ScheduleMaintenanceEmailNotification-8F03CD98-B46D-EE11-8DEF-002248080375.json</JsonFileName>
      <Type>1</Type>
      <Subprocess>0</Subprocess>
      <Category>5</Category>
      <Mode>0</Mode>
      <Scope>4</Scope>
      <OnDemand>0</OnDemand>
      <TriggerOnCreate>0</TriggerOnCreate>
      <TriggerOnDelete>0</TriggerOnDelete>
      <AsyncAutodelete>0</AsyncAutodelete>
      <SyncWorkflowLogOnFailure>0</SyncWorkflowLogOnFailure>
      <StateCode>1</StateCode>
      <StatusCode>2</StatusCode>
      <RunAs>1</RunAs>
      <IsTransacted>1</IsTransacted>
      <IntroducedVersion>1.0.0.3</IntroducedVersion>
      <IsCustomizable>1</IsCustomizable>
      <IsCustomProcessingStepAllowedForOtherPublishers>1</IsCustomProcessingStepAllowedForOtherPublishers>
      <PrimaryEntity>none</PrimaryEntity>
      <LocalizedNames>
        <LocalizedName languagecode="1033" description="Schedule Maintenance: Email Notification" />
      </LocalizedNames>
      <Descriptions>
        <Description languagecode="1033" description="This Flow Must be ON!!! This flow will run daily for Tranter Houston and Pune Plant as per Time Zone and Checked for Today's Event and Last 7 day's Events which are Incomplete and send an Email to Plant based SharePoint Group Users." />
      </Descriptions>
    </Workflow>
  </Workflows>
  <FieldSecurityProfiles></FieldSecurityProfiles>
  <Templates />
  <EntityMaps />
  <EntityRelationships />
  <OrganizationSettings />
  <optionsets />
  <CustomControls />
  <EntityDataProviders />
  <connectionreferences>
    <connectionreference connectionreferencelogicalname="cr49f_sharedoffice365_82b87">
      <connectionreferencedisplayname>Office 365 Outlook SolutionForFlow-82b87</connectionreferencedisplayname>
      <connectorid>/providers/Microsoft.PowerApps/apis/shared_office365</connectorid>
      <iscustomizable>1</iscustomizable>
      <statecode>0</statecode>
      <statuscode>1</statuscode>
    </connectionreference>
    <connectionreference connectionreferencelogicalname="cr49f_sharedoffice365_a23ad">
      <connectionreferencedisplayname>Office 365 Outlook SolutionForFlow-a23ad</connectionreferencedisplayname>
      <connectorid>/providers/Microsoft.PowerApps/apis/shared_office365</connectorid>
      <iscustomizable>1</iscustomizable>
      <statecode>0</statecode>
      <statuscode>1</statuscode>
    </connectionreference>
    <connectionreference connectionreferencelogicalname="cr49f_sharedoffice365_f52d5">
      <connectionreferencedisplayname>Office 365 Outlook SolutionForFlow-f52d5</connectionreferencedisplayname>
      <connectorid>/providers/Microsoft.PowerApps/apis/shared_office365</connectorid>
      <iscustomizable>1</iscustomizable>
      <statecode>0</statecode>
      <statuscode>1</statuscode>
    </connectionreference>
    <connectionreference connectionreferencelogicalname="cr49f_sharedoffice365_f7f0d">
      <connectionreferencedisplayname>Office 365 Outlook SolutionForFlow-f7f0d</connectionreferencedisplayname>
      <connectorid>/providers/Microsoft.PowerApps/apis/shared_office365</connectorid>
      <iscustomizable>1</iscustomizable>
      <statecode>0</statecode>
      <statuscode>1</statuscode>
    </connectionreference>
    <connectionreference connectionreferencelogicalname="cr49f_sharedsharepointonline_3d67e">
      <connectionreferencedisplayname>SharePoint SolutionForFlow-3d67e</connectionreferencedisplayname>
      <connectorid>/providers/Microsoft.PowerApps/apis/shared_sharepointonline</connectorid>
      <iscustomizable>1</iscustomizable>
      <statecode>0</statecode>
      <statuscode>1</statuscode>
    </connectionreference>
    <connectionreference connectionreferencelogicalname="cr49f_sharedsharepointonline_5647c">
      <connectionreferencedisplayname>SharePoint SolutionForFlow-5647c</connectionreferencedisplayname>
      <connectorid>/providers/Microsoft.PowerApps/apis/shared_sharepointonline</connectorid>
      <iscustomizable>1</iscustomizable>
      <statecode>0</statecode>
      <statuscode>1</statuscode>
    </connectionreference>
    <connectionreference connectionreferencelogicalname="cr49f_sharedsharepointonline_5ca6e">
      <connectionreferencedisplayname>SharePoint SolutionForFlow-5ca6e</connectionreferencedisplayname>
      <connectorid>/providers/Microsoft.PowerApps/apis/shared_sharepointonline</connectorid>
      <iscustomizable>1</iscustomizable>
      <statecode>0</statecode>
      <statuscode>1</statuscode>
    </connectionreference>
    <connectionreference connectionreferencelogicalname="cr49f_sharedsharepointonline_7e14d">
      <connectionreferencedisplayname>SharePoint SolutionForFlow-7e14d</connectionreferencedisplayname>
      <connectorid>/providers/Microsoft.PowerApps/apis/shared_sharepointonline</connectorid>
      <iscustomizable>1</iscustomizable>
      <statecode>0</statecode>
      <statuscode>1</statuscode>
    </connectionreference>
    <connectionreference connectionreferencelogicalname="cr49f_sharedsharepointonline_a04d0">
      <connectionreferencedisplayname>SharePoint SolutionForFlow-a04d0</connectionreferencedisplayname>
      <connectorid>/providers/Microsoft.PowerApps/apis/shared_sharepointonline</connectorid>
      <iscustomizable>1</iscustomizable>
      <statecode>0</statecode>
      <statuscode>1</statuscode>
    </connectionreference>
    <connectionreference connectionreferencelogicalname="cr49f_sharedsharepointonline_d6d4e">
      <connectionreferencedisplayname>SharePoint SolutionForFlow-d6d4e</connectionreferencedisplayname>
      <connectorid>/providers/Microsoft.PowerApps/apis/shared_sharepointonline</connectorid>
      <iscustomizable>1</iscustomizable>
      <statecode>0</statecode>
      <statuscode>1</statuscode>
    </connectionreference>
    <connectionreference connectionreferencelogicalname="cr49f_sharedsharepointonline_e2f0a">
      <connectionreferencedisplayname>SharePoint SolutionForFlow-e2f0a</connectionreferencedisplayname>
      <connectorid>/providers/Microsoft.PowerApps/apis/shared_sharepointonline</connectorid>
      <iscustomizable>1</iscustomizable>
      <statecode>0</statecode>
      <statuscode>1</statuscode>
    </connectionreference>
    <connectionreference connectionreferencelogicalname="cr49f_sharedsharepointonline_e6c34">
      <connectionreferencedisplayname>SharePoint SolutionForFlow-e6c34</connectionreferencedisplayname>
      <connectorid>/providers/Microsoft.PowerApps/apis/shared_sharepointonline</connectorid>
      <iscustomizable>1</iscustomizable>
      <statecode>0</statecode>
      <statuscode>1</statuscode>
    </connectionreference>
  </connectionreferences>
  <Languages>
    <Language>1033</Language>
    <Language>1036</Language>
  </Languages>
</ImportExportXml>