{
  "properties": {
    "connectionReferences": {
      "shared_sharepointonline_1": {
        "runtimeSource": "embedded",
        "connection": {
          "connectionReferenceLogicalName": "cr49f_sharedsharepointonline_a04d0"
        },
        "api": {
          "name": "shared_sharepointonline"
        }
      },
      "shared_office365_2": {
        "runtimeSource": "embedded",
        "connection": {
          "connectionReferenceLogicalName": "cr49f_sharedoffice365_a23ad"
        },
        "api": {
          "name": "shared_office365"
        }
      }
    },
    "definition": {
      "$schema": "https://schema.management.azure.com/providers/Microsoft.Logic/schemas/2016-06-01/workflowdefinition.json#",
      "contentVersion": "1.0.0.0",
      "parameters": {
        "$connections": {
          "defaultValue": {},
          "type": "Object"
        },
        "$authentication": {
          "defaultValue": {},
          "type": "SecureObject"
        }
      },
      "triggers": {
        "When_an_item_is_created": {
          "recurrence": {
            "interval": 1,
            "frequency": "Minute"
          },
          "splitOn": "@triggerOutputs()?['body/value']",
          "metadata": {
            "operationMetadataId": "8560474f-81f4-4458-8303-887a3fea3417"
          },
          "type": "OpenApiConnection",
          "inputs": {
            "host": {
              "connectionName": "shared_sharepointonline_1",
              "operationId": "GetOnNewItems",
              "apiId": "/providers/Microsoft.PowerApps/apis/shared_sharepointonline"
            },
            "parameters": {
              "dataset": "https://indica.sharepoint.com/sites/ScheduleMaintenance",
              "table": "b8473c2f-cafb-47f6-ae30-927ab07ea88a"
            },
            "authentication": "@parameters('$authentication')"
          }
        }
      },
      "actions": {
        "Get_items_-_Category_List": {
          "runAfter": {},
          "metadata": {
            "operationMetadataId": "3a69c77b-6189-42d9-bb4b-d8700885aee8"
          },
          "type": "OpenApiConnection",
          "inputs": {
            "host": {
              "connectionName": "shared_sharepointonline_1",
              "operationId": "GetItems",
              "apiId": "/providers/Microsoft.PowerApps/apis/shared_sharepointonline"
            },
            "parameters": {
              "dataset": "https://indica.sharepoint.com/sites/ScheduleMaintenance",
              "table": "b5d57a43-7614-486e-a279-4744f4bcc56c",
              "$filter": "ID eq '@{triggerOutputs()?['body/Category/Value']}'"
            },
            "authentication": "@parameters('$authentication')"
          }
        },
        "Apply_to_each": {
          "foreach": "@outputs('Get_items_-_Category_List')?['body/value']",
          "actions": {
            "In_Category_List_-_Immediate_Email_Notification_is_Yes": {
              "actions": {
                "Category_-_Title": {
                  "runAfter": {},
                  "metadata": {
                    "operationMetadataId": "680bd94d-092f-4985-bd0c-af03e094b363"
                  },
                  "type": "Compose",
                  "inputs": "@items('Apply_to_each')?['Title']"
                },
                "Get_items_-_Main_List": {
                  "runAfter": {
                    "Category_-_Title": [
                      "Succeeded"
                    ]
                  },
                  "metadata": {
                    "operationMetadataId": "49f97cc8-7842-4a01-acae-71b44d575ec9"
                  },
                  "type": "OpenApiConnection",
                  "inputs": {
                    "host": {
                      "connectionName": "shared_sharepointonline_1",
                      "operationId": "GetItems",
                      "apiId": "/providers/Microsoft.PowerApps/apis/shared_sharepointonline"
                    },
                    "parameters": {
                      "dataset": "https://indica.sharepoint.com/sites/ScheduleMaintenance",
                      "table": "b8473c2f-cafb-47f6-ae30-927ab07ea88a",
                      "$filter": "ID eq '@{triggerOutputs()?['body/ID']}'"
                    },
                    "authentication": "@parameters('$authentication')"
                  },
                  "runtimeConfiguration": {
                    "paginationPolicy": {
                      "minimumItemCount": 5000
                    }
                  }
                },
                "Select": {
                  "runAfter": {
                    "Get_items_-_Main_List": [
                      "Succeeded"
                    ]
                  },
                  "metadata": {
                    "operationMetadataId": "fd1602ab-e27f-421a-980d-4ba05131e3d3"
                  },
                  "type": "Select",
                  "inputs": {
                    "from": "@outputs('Get_items_-_Main_List')?['body/value']",
                    "select": {
                      "Title": "@item()?['Title']",
                      "Equipment": "@item()?['Equipment_x003a__x0020_Title']?['Value']",
                      "Event Date & Time": " @{formatDateTime(item()?['StartDate'],'MMM dd, yyyy')} (@{item()?['EventStartTime']} - @{item()?['EventEndTime']})",
                      "Details ": "@item()?['Details']"
                    }
                  }
                },
                "Create_HTML_table": {
                  "runAfter": {
                    "Select": [
                      "Succeeded"
                    ]
                  },
                  "metadata": {
                    "operationMetadataId": "2980f194-3841-49b3-b2e2-04694427faf4"
                  },
                  "type": "Table",
                  "inputs": {
                    "from": "@body('Select')",
                    "format": "HTML"
                  }
                },
                "Immediate_Email_Notification_Body": {
                  "runAfter": {
                    "Create_HTML_table": [
                      "Succeeded"
                    ]
                  },
                  "metadata": {
                    "operationMetadataId": "b8a1e071-78bf-462c-ba0a-042170b0f651"
                  },
                  "type": "Compose",
                  "inputs": "<style>table { border: 1px solid #1C6EA4; background-color: #EEEEEE; width: 100%; text-align: left; border-collapse: collapse; } table td, table th { border: 1px solid #AAAAAA; padding: 3px 2px; } table tbody td { font-size: 13px; } table thead { background: #02A0E1; border-bottom: 2px solid #444444; } table thead th { font-size: 15px; font-weight: bold; color: #FFFFFF; border-left: 2px solid #D0E4F5; } table thead th:first-child { border-left: none; } </style>\n@{body('Create_HTML_table')}"
                },
                "Apply_to_each_2": {
                  "foreach": "@outputs('Get_items_-_Main_List')?['body/value']",
                  "actions": {
                    "Send_an_email_(V2)": {
                      "runAfter": {},
                      "metadata": {
                        "operationMetadataId": "626f112b-5f6b-4ed4-a24a-3ccdf806e035"
                      },
                      "type": "OpenApiConnection",
                      "inputs": {
                        "host": {
                          "connectionName": "shared_office365_2",
                          "operationId": "SendEmailV2",
                          "apiId": "/providers/Microsoft.PowerApps/apis/shared_office365"
                        },
                        "parameters": {
                          "emailMessage/To": "@triggerOutputs()?['body/AssignTo/Email']",
                          "emailMessage/Subject": "URGENT: Immediate Maintenance Required",
                          "emailMessage/Body": "<p>Hello @{triggerOutputs()?['body/AssignTo/DisplayName']},<br>\n<br>\nWe're facing a critical situation of @{items('Apply_to_each_2')?['Category_x003a__x0020_Title']?['Value']} in the factory. This requires immediate attention and Here are the details: @{outputs('Immediate_Email_Notification_Body')}<br>\nPlease prioritize the issue and take the necessary action to fix it as soon as possible.<br>\n<br>\nYou can view more details and complete the event by @{variables('VarLink')}.<br>\n<br>\nThank You<br>\n<br>\n</p>",
                          "emailMessage/Importance": "Normal"
                        },
                        "authentication": "@parameters('$authentication')"
                      }
                    }
                  },
                  "runAfter": {
                    "Immediate_Email_Notification_Body": [
                      "Succeeded"
                    ]
                  },
                  "metadata": {
                    "operationMetadataId": "7640de6f-8e78-4427-861a-91d4c475bef2"
                  },
                  "type": "Foreach"
                }
              },
              "runAfter": {},
              "else": {
                "actions": {
                  "Compose_3": {
                    "runAfter": {},
                    "metadata": {
                      "operationMetadataId": "e4e2d7a3-3f8c-4dcc-9efc-0cd5e4362334"
                    },
                    "type": "Compose",
                    "inputs": "@items('Apply_to_each')?['Title']"
                  }
                }
              },
              "expression": {
                "equals": [
                  "@items('Apply_to_each')?['ImmediateEmailNotification']",
                  "@true"
                ]
              },
              "metadata": {
                "operationMetadataId": "3f9f8a2b-e4a7-4342-82bc-cf9dc810a3cb"
              },
              "type": "If"
            }
          },
          "runAfter": {
            "Var_Link": [
              "Succeeded"
            ]
          },
          "metadata": {
            "operationMetadataId": "e5ba5a31-9d60-4d73-a892-1daea050d8d3"
          },
          "type": "Foreach"
        },
        "Var_Link": {
          "runAfter": {
            "Get_items_-_Category_List": [
              "Succeeded"
            ]
          },
          "metadata": {
            "operationMetadataId": "54bb183b-8e73-4cf7-8ed9-7aba71085620"
          },
          "type": "InitializeVariable",
          "inputs": {
            "variables": [
              {
                "name": "VarLink",
                "type": "string",
                "value": "<a href=\"https://indica.sharepoint.com/sites/ScheduleMaintenance\">clicking here </a>"
              }
            ]
          }
        }
      }
    },
    "templateName": ""
  },
  "schemaVersion": "1.0.0.0"
}