{
  "properties": {
    "connectionReferences": {
      "shared_sharepointonline_1": {
        "runtimeSource": "embedded",
        "connection": {
          "connectionReferenceLogicalName": "cr49f_sharedsharepointonline_e2f0a"
        },
        "api": {
          "name": "shared_sharepointonline"
        }
      },
      "shared_office365": {
        "runtimeSource": "embedded",
        "connection": {
          "connectionReferenceLogicalName": "cr49f_sharedoffice365_f52d5"
        },
        "api": {
          "name": "shared_office365"
        }
      }
    },
    "definition": {
      "$schema": "https://schema.management.azure.com/providers/Microsoft.Logic/schemas/2016-06-01/workflowdefinition.json#",
      "contentVersion": "1.0.0.0",
      "parameters": {
        "$connections": {
          "defaultValue": {},
          "type": "Object"
        },
        "$authentication": {
          "defaultValue": {},
          "type": "SecureObject"
        }
      },
      "triggers": {
        "Recurrence": {
          "recurrence": {
            "frequency": "Hour",
            "interval": 8,
            "timeZone": "UTC",
            "startTime": "2023-08-09T00:30:00Z"
          },
          "metadata": {
            "operationMetadataId": "f50f30f1-4851-4f76-a498-0fb11409be22"
          },
          "type": "Recurrence"
        }
      },
      "actions": {
        "Convert_time_zone": {
          "runAfter": {},
          "metadata": {
            "operationMetadataId": "8ba2fcd9-71b4-40ae-8099-a35680233e4b"
          },
          "type": "Expression",
          "kind": "ConvertTimeZone",
          "inputs": {
            "baseTime": "@{utcNow()}",
            "formatString": "t",
            "sourceTimeZone": "UTC",
            "destinationTimeZone": "India Standard Time"
          }
        },
        "Get_items_-_Plant_Details": {
          "runAfter": {
            "SharePoint_Group_users": [
              "Succeeded"
            ]
          },
          "metadata": {
            "operationMetadataId": "f55bad64-7e4e-44ec-991d-389e105fca0f"
          },
          "type": "OpenApiConnection",
          "inputs": {
            "host": {
              "connectionName": "shared_sharepointonline_1",
              "operationId": "GetItems",
              "apiId": "/providers/Microsoft.PowerApps/apis/shared_sharepointonline"
            },
            "parameters": {
              "dataset": "https://indica.sharepoint.com/sites/ScheduleMaintenance",
              "table": "1b30876b-e40b-4aa5-a9e8-c08cdd545617"
            },
            "authentication": "@parameters('$authentication')"
          },
          "runtimeConfiguration": {
            "paginationPolicy": {
              "minimumItemCount": 5000
            }
          }
        },
        "Apply_to_each": {
          "foreach": "@outputs('Get_items_-_Plant_Details')?['body/value']",
          "actions": {
            "Tranter_Plants": {
              "runAfter": {},
              "cases": {
                "Houston_Plant": {
                  "case": 1,
                  "actions": {
                    "Check_Time_-_2:00_PM": {
                      "actions": {
                        "Scope_2": {
                          "actions": {
                            "Get_items_from_Maintenance_Event_list_for_Houston_Plant": {
                              "runAfter": {},
                              "metadata": {
                                "operationMetadataId": "600507c3-b2fe-46e3-b891-0e43a3f110a4"
                              },
                              "type": "OpenApiConnection",
                              "inputs": {
                                "host": {
                                  "connectionName": "shared_sharepointonline_1",
                                  "operationId": "GetItems",
                                  "apiId": "/providers/Microsoft.PowerApps/apis/shared_sharepointonline"
                                },
                                "parameters": {
                                  "dataset": "https://indica.sharepoint.com/sites/ScheduleMaintenance",
                                  "table": "348d76d8-15f8-412f-9775-47125ba2ff4f",
                                  "$filter": "EventDate eq '@{variables('TodayDate')}' and Plant eq '1' and Status ne 'Completed'"
                                },
                                "authentication": "@parameters('$authentication')"
                              },
                              "runtimeConfiguration": {
                                "paginationPolicy": {
                                  "minimumItemCount": 5000
                                }
                              }
                            },
                            "Check_Empty_Value_for_Today's_Event_for_Houston_plant": {
                              "actions": {
                                "Select_-_Houston_plant": {
                                  "runAfter": {},
                                  "metadata": {
                                    "operationMetadataId": "6adca284-fff1-416e-aa86-da7fd7f7904b"
                                  },
                                  "type": "Select",
                                  "inputs": {
                                    "from": "@outputs('Get_items_from_Maintenance_Event_list_for_Houston_Plant')?['body/value']",
                                    "select": {
                                      "Title": "@item()?['Title']",
                                      "Event Time": "@{item()?['Parent_x003a_EventStartTime/Value']}  - @{item()?['Parent_x003a__x0020_EventEndTime']?['Value']}",
                                      "Assigned To": "@item()?['AssignedTo/DisplayName']",
                                      "Priority": "@item()?['Priority_x003a_Title/Value']"
                                    }
                                  }
                                },
                                "Create_HTML_table_-_Houston_Plant": {
                                  "runAfter": {
                                    "Select_-_Houston_plant": [
                                      "Succeeded"
                                    ]
                                  },
                                  "metadata": {
                                    "operationMetadataId": "16d22afd-8d27-4def-ae48-e9ec693226f7"
                                  },
                                  "type": "Table",
                                  "inputs": {
                                    "from": "@body('Select_-_Houston_plant')",
                                    "format": "HTML"
                                  }
                                },
                                "Todays_Event_for_Houston_Plant": {
                                  "runAfter": {
                                    "Create_HTML_table_-_Houston_Plant": [
                                      "Succeeded"
                                    ]
                                  },
                                  "metadata": {
                                    "operationMetadataId": "93ea6234-d025-4e0e-beb9-13edc8f6adc9"
                                  },
                                  "type": "Compose",
                                  "inputs": "<br>Here are some events that you have on your maintenance calendar today.<br>\n<style>table { border: 1px solid #1C6EA4; background-color: #EEEEEE; width: 100%; text-align: left; border-collapse: collapse; } table td, table th { border: 1px solid #AAAAAA; padding: 3px 2px; } table tbody td { font-size: 13px; } table thead { background: #02A0E1; border-bottom: 2px solid #444444; } table thead th { font-size: 15px; font-weight: bold; color: #FFFFFF; border-left: 2px solid #D0E4F5; } table thead th:first-child { border-left: none; } </style>\n@{body('Create_HTML_table_-_Houston_Plant')}"
                                }
                              },
                              "runAfter": {
                                "Get_items_from_Maintenance_Event_list_for_Houston_Plant": [
                                  "Succeeded"
                                ]
                              },
                              "else": {
                                "actions": {
                                  "No_Event_Statement": {
                                    "runAfter": {},
                                    "metadata": {
                                      "operationMetadataId": "71ba73fa-9db9-463a-a66d-f6a24e113160"
                                    },
                                    "type": "Compose",
                                    "inputs": "<br>Here are some events that you have on your maintenance calendar today.<br>\n<br><b><i>**There are no events scheduled for today.**</i></b><br>"
                                  }
                                }
                              },
                              "expression": {
                                "equals": [
                                  "@empty(outputs('Get_items_from_Maintenance_Event_list_for_Houston_Plant')?['body/value'])",
                                  "@false"
                                ]
                              },
                              "metadata": {
                                "operationMetadataId": "2b9806c5-458b-45df-9e4c-2ef3bd918f21"
                              },
                              "type": "If"
                            },
                            "Houston_Plant_Users": {
                              "runAfter": {
                                "Apply_to_each_3": [
                                  "Succeeded"
                                ]
                              },
                              "metadata": {
                                "operationMetadataId": "60a85427-00a8-467f-a195-05082654101b"
                              },
                              "type": "Compose",
                              "inputs": "@join(variables('VarGroupUser'),';')"
                            },
                            "Check_Empty_for_Houston_Plant_for_Incomplete_Event": {
                              "actions": {
                                "Select_Incomplete_-_Houston_Plant": {
                                  "runAfter": {},
                                  "metadata": {
                                    "operationMetadataId": "9ff8f9eb-adc5-40c1-9411-e4b6300ceb8c"
                                  },
                                  "type": "Select",
                                  "inputs": {
                                    "from": "@outputs('Get_items_for_Incomplete_Events_for_Houston_Plant')?['body/value']",
                                    "select": {
                                      "Title": "@item()?['Title']",
                                      "Event Date": "@formatDateTime(item()?['EventDate'],'yyyy-MM-dd')",
                                      "Assigned To": "@item()?['AssignedTo/DisplayName']",
                                      "Priority": "@item()?['Priority_x003a_Title/Value']"
                                    }
                                  }
                                },
                                "Create_HTML_table_-_Incomplete_-_Houston_Plant": {
                                  "runAfter": {
                                    "Select_Incomplete_-_Houston_Plant": [
                                      "Succeeded"
                                    ]
                                  },
                                  "metadata": {
                                    "operationMetadataId": "48f6e784-f4c1-4a6d-a527-dfffacbe1d64"
                                  },
                                  "type": "Table",
                                  "inputs": {
                                    "from": "@body('Select_Incomplete_-_Houston_Plant')",
                                    "format": "HTML"
                                  }
                                },
                                "Incomplete_Event_for_Houston_Plant": {
                                  "runAfter": {
                                    "Create_HTML_table_-_Incomplete_-_Houston_Plant": [
                                      "Succeeded"
                                    ]
                                  },
                                  "metadata": {
                                    "operationMetadataId": "e0f147bd-f391-4185-9014-920b1c346d0d"
                                  },
                                  "type": "Compose",
                                  "inputs": "Here are some of the events from the <b> last 7 days </b> that are still Incomplete from your maintenance calendar.<br>\n<style>table { border: 1px solid #1C6EA4; background-color: #EEEEEE; width: 100%; text-align: left; border-collapse: collapse; } table td, table th { border: 1px solid #AAAAAA; padding: 3px 2px; } table tbody td { font-size: 13px; } table thead { background: #02A0E1; border-bottom: 2px solid #444444; } table thead th { font-size: 15px; font-weight: bold; color: #FFFFFF; border-left: 2px solid #D0E4F5; } table thead th:first-child { border-left: none; } </style>\n@{body('Create_HTML_table_-_Incomplete_-_Houston_Plant')}"
                                }
                              },
                              "runAfter": {
                                "Get_items_for_Incomplete_Events_for_Houston_Plant": [
                                  "Succeeded"
                                ]
                              },
                              "expression": {
                                "equals": [
                                  "@empty(outputs('Get_items_for_Incomplete_Events_for_Houston_Plant')?['body/value'])",
                                  "@false"
                                ]
                              },
                              "metadata": {
                                "operationMetadataId": "aef114d9-5872-4d10-a3d0-31f13dbabae1"
                              },
                              "type": "If"
                            },
                            "Get_items_for_Incomplete_Events_for_Houston_Plant": {
                              "runAfter": {
                                "Incomplete_Events_for_Last_7_Days_-_Date_for_Houston_Plant": [
                                  "Succeeded"
                                ]
                              },
                              "metadata": {
                                "operationMetadataId": "41d57b19-494b-4cce-bbcb-d46c77e395a6"
                              },
                              "type": "OpenApiConnection",
                              "inputs": {
                                "host": {
                                  "connectionName": "shared_sharepointonline_1",
                                  "operationId": "GetItems",
                                  "apiId": "/providers/Microsoft.PowerApps/apis/shared_sharepointonline"
                                },
                                "parameters": {
                                  "dataset": "https://indica.sharepoint.com/sites/ScheduleMaintenance",
                                  "table": "348d76d8-15f8-412f-9775-47125ba2ff4f",
                                  "$filter": "EventDate lt '@{variables('TodayDate')}' EventDate ge '@{outputs('Incomplete_Events_for_Last_7_Days_-_Date_for_Houston_Plant')}'  Plant eq '1' and Status ne 'Completed'",
                                  "$orderby": "EventDate desc"
                                },
                                "authentication": "@parameters('$authentication')"
                              }
                            },
                            "Incomplete_Events_for_Last_7_Days_-_Date_for_Houston_Plant": {
                              "runAfter": {
                                "Check_Empty_Value_for_Today's_Event_for_Houston_plant": [
                                  "Succeeded"
                                ]
                              },
                              "metadata": {
                                "operationMetadataId": "d002cb6a-5566-4883-8c63-a9307ebdec8a"
                              },
                              "type": "Compose",
                              "inputs": "@addDays(variables('TodayDate'),variables('VarLastDays'),'yyyy-MM-dd')"
                            },
                            "Get_item_-_Houston_Plant_Assigned_To_user": {
                              "runAfter": {
                                "Check_Empty_for_Houston_Plant_for_Incomplete_Event": [
                                  "Succeeded"
                                ]
                              },
                              "metadata": {
                                "operationMetadataId": "75a31354-0e52-4aca-ad07-4efa3def6ed7"
                              },
                              "type": "OpenApiConnection",
                              "inputs": {
                                "host": {
                                  "connectionName": "shared_sharepointonline_1",
                                  "operationId": "GetItem",
                                  "apiId": "/providers/Microsoft.PowerApps/apis/shared_sharepointonline"
                                },
                                "parameters": {
                                  "dataset": "https://indica.sharepoint.com/sites/ScheduleMaintenance",
                                  "table": "1b30876b-e40b-4aa5-a9e8-c08cdd545617",
                                  "id": "@items('Apply_to_each')?['ID']"
                                },
                                "authentication": "@parameters('$authentication')"
                              }
                            },
                            "Apply_to_each_3": {
                              "foreach": "@outputs('Get_item_-_Houston_Plant_Assigned_To_user')?['body/AssignedTo']",
                              "actions": {
                                "Append_to_array_variable_2": {
                                  "runAfter": {},
                                  "metadata": {
                                    "operationMetadataId": "b80c3086-312d-430f-9e62-442b66a0eb30"
                                  },
                                  "type": "AppendToArrayVariable",
                                  "inputs": {
                                    "name": "VarGroupUser",
                                    "value": "@items('Apply_to_each_3')?['Email']"
                                  }
                                }
                              },
                              "runAfter": {
                                "Get_item_-_Houston_Plant_Assigned_To_user": [
                                  "Succeeded"
                                ]
                              },
                              "metadata": {
                                "operationMetadataId": "e0b47de8-381b-4e10-95c7-8be9450c6c21"
                              },
                              "type": "Foreach"
                            },
                            "Send_an_Email": {
                              "actions": {
                                "Send_an_email_(V2)_2": {
                                  "runAfter": {},
                                  "metadata": {
                                    "operationMetadataId": "b1249210-510c-408f-bde5-dc3450e28562"
                                  },
                                  "type": "OpenApiConnection",
                                  "inputs": {
                                    "host": {
                                      "connectionName": "shared_office365",
                                      "operationId": "SendEmailV2",
                                      "apiId": "/providers/Microsoft.PowerApps/apis/shared_office365"
                                    },
                                    "parameters": {
                                      "emailMessage/To": "@outputs('Houston_Plant_Users')",
                                      "emailMessage/Subject": "Schedule Maintenance Events for Today",
                                      "emailMessage/Body": "<p>Hello All,<br>\n@{outputs('No_Event_Statement')}\n@{outputs('Todays_Event_for_Houston_Plant')}<br>\n@{outputs('Incomplete_Event_for_Houston_Plant')}<br>\nYou can view the event details and complete the events by <a href=\"@{variables('VarLink')}\">clicking here </a>.<br>\n<br>\nThank You<br>\n</p>",
                                      "emailMessage/Importance": "Normal"
                                    },
                                    "authentication": "@parameters('$authentication')"
                                  }
                                }
                              },
                              "runAfter": {
                                "Houston_Plant_Users": [
                                  "Succeeded"
                                ]
                              },
                              "expression": {
                                "and": [
                                  {
                                    "or": [
                                      {
                                        "equals": [
                                          "@empty(outputs('Get_items_for_Incomplete_Events_for_Houston_Plant')?['body/value'])",
                                          "@false"
                                        ]
                                      },
                                      {
                                        "equals": [
                                          "@empty(outputs('Get_items_from_Maintenance_Event_list_for_Houston_Plant')?['body/value'])",
                                          "@false"
                                        ]
                                      }
                                    ]
                                  },
                                  {
                                    "and": [
                                      {
                                        "not": {
                                          "equals": [
                                            "@dayOfWeek(variables('TodayDate'))",
                                            0
                                          ]
                                        }
                                      },
                                      {
                                        "not": {
                                          "equals": [
                                            "@dayOfWeek(variables('TodayDate'))",
                                            6
                                          ]
                                        }
                                      }
                                    ]
                                  }
                                ]
                              },
                              "metadata": {
                                "operationMetadataId": "76480f8c-33a8-477d-b175-747dc1ed8c77"
                              },
                              "type": "If"
                            }
                          },
                          "runAfter": {},
                          "metadata": {
                            "operationMetadataId": "66f72f16-9cb4-4786-ba6c-2bf5a5c0ec5e"
                          },
                          "type": "Scope"
                        }
                      },
                      "runAfter": {},
                      "expression": {
                        "or": [
                          {
                            "equals": [
                              "@outputs('Time_in_IST_Format')",
                              "@string('2:00 PM')"
                            ]
                          },
                          {
                            "equals": [
                              "@outputs('Time_in_IST_Format')",
                              "@string('1:59 PM')"
                            ]
                          }
                        ]
                      },
                      "metadata": {
                        "operationMetadataId": "862a2721-30a7-4202-be66-e3884b883aae"
                      },
                      "type": "If"
                    }
                  }
                },
                "Pune_Plant": {
                  "case": 2,
                  "actions": {
                    "Check_Time_-_6:00_AM": {
                      "actions": {
                        "Scope": {
                          "actions": {
                            "Get_items_from_Maintenance_Event_List_for_Pune_Plant": {
                              "runAfter": {},
                              "metadata": {
                                "operationMetadataId": "a4ae4f58-7a4f-42d6-8d31-fe767f5cff77"
                              },
                              "type": "OpenApiConnection",
                              "inputs": {
                                "host": {
                                  "connectionName": "shared_sharepointonline_1",
                                  "operationId": "GetItems",
                                  "apiId": "/providers/Microsoft.PowerApps/apis/shared_sharepointonline"
                                },
                                "parameters": {
                                  "dataset": "https://indica.sharepoint.com/sites/ScheduleMaintenance",
                                  "table": "348d76d8-15f8-412f-9775-47125ba2ff4f",
                                  "$filter": "(EventDate eq '@{variables('TodayDate')}') and (Plant eq '2') and (Status ne 'Completed')"
                                },
                                "authentication": "@parameters('$authentication')"
                              },
                              "runtimeConfiguration": {
                                "paginationPolicy": {
                                  "minimumItemCount": 5000
                                }
                              }
                            },
                            "Check_Empty_Value_for_Today_Event_for_Pune_Plant": {
                              "actions": {
                                "Select_-_Pune_Plant": {
                                  "runAfter": {},
                                  "metadata": {
                                    "operationMetadataId": "bd320a61-0ab3-4a54-acbd-14c28c902cbc"
                                  },
                                  "type": "Select",
                                  "inputs": {
                                    "from": "@outputs('Get_items_from_Maintenance_Event_List_for_Pune_Plant')?['body/value']",
                                    "select": {
                                      "Title": "@item()?['Title']",
                                      "Event Time": "@{item()?['Parent_x003a_EventStartTime/Value']} - @{item()?['Parent_x003a__x0020_EventEndTime']?['Value']}",
                                      "Assigned To": "@item()?['AssignedTo/DisplayName']",
                                      "Priority": "@item()?['Priority_x003a_Title/Value']"
                                    }
                                  }
                                },
                                "Create_HTML_table_-_Pune_Plant": {
                                  "runAfter": {
                                    "Select_-_Pune_Plant": [
                                      "Succeeded"
                                    ]
                                  },
                                  "metadata": {
                                    "operationMetadataId": "540c1089-ed73-4929-bd44-ebb87b6135f9"
                                  },
                                  "type": "Table",
                                  "inputs": {
                                    "from": "@body('Select_-_Pune_Plant')",
                                    "format": "HTML"
                                  }
                                },
                                "Todays_Event_for_Pune_Plant": {
                                  "runAfter": {
                                    "Create_HTML_table_-_Pune_Plant": [
                                      "Succeeded"
                                    ]
                                  },
                                  "metadata": {
                                    "operationMetadataId": "81dead2f-c0c9-4fbe-a78b-92a329decdb0"
                                  },
                                  "type": "Compose",
                                  "inputs": "<br>Here are some events that you have on your maintenance calendar today.<br>\n<style>table { border: 1px solid #1C6EA4; background-color: #EEEEEE; width: 100%; text-align: left; border-collapse: collapse; } table td, table th { border: 1px solid #AAAAAA; padding: 3px 2px; } table tbody td { font-size: 13px; } table thead { background: #02A0E1; border-bottom: 2px solid #444444; } table thead th { font-size: 15px; font-weight: bold; color: #FFFFFF; border-left: 2px solid #D0E4F5; } table thead th:first-child { border-left: none; } </style>\n@{body('Create_HTML_table_-_Pune_Plant')}"
                                }
                              },
                              "runAfter": {
                                "Get_items_from_Maintenance_Event_List_for_Pune_Plant": [
                                  "Succeeded"
                                ]
                              },
                              "else": {
                                "actions": {
                                  "No_Event_Statement_2": {
                                    "runAfter": {},
                                    "metadata": {
                                      "operationMetadataId": "36d4d970-e6dc-4a7f-8c25-1e64be854371"
                                    },
                                    "type": "Compose",
                                    "inputs": "<br>Here are some events that you have on your maintenance calendar today.<br>\n<br><b><i>**There are no events scheduled for today.**</i></b><br>"
                                  }
                                }
                              },
                              "expression": {
                                "equals": [
                                  "@empty(outputs('Get_items_from_Maintenance_Event_List_for_Pune_Plant')?['body/value'])",
                                  "@false"
                                ]
                              },
                              "metadata": {
                                "operationMetadataId": "8d9e9a28-beed-41c9-97e5-c11677160bb5"
                              },
                              "type": "If"
                            },
                            "Incomplete_Events_for_Last_7_Days_-_Date_for_Pune_Plant": {
                              "runAfter": {
                                "Check_Empty_Value_for_Today_Event_for_Pune_Plant": [
                                  "Succeeded"
                                ]
                              },
                              "metadata": {
                                "operationMetadataId": "f444e6c2-49ea-4953-b4de-8eaaa53035a2"
                              },
                              "type": "Compose",
                              "inputs": "@addDays(variables('TodayDate'),variables('VarLastDays'),'yyyy-MM-dd')"
                            },
                            "Get_items_for_Incomplete_Events_for_Pune_Plant": {
                              "runAfter": {
                                "Incomplete_Events_for_Last_7_Days_-_Date_for_Pune_Plant": [
                                  "Succeeded"
                                ]
                              },
                              "metadata": {
                                "operationMetadataId": "9ab8a5a6-e1e8-44b9-b78a-a75bca759e1f"
                              },
                              "type": "OpenApiConnection",
                              "inputs": {
                                "host": {
                                  "connectionName": "shared_sharepointonline_1",
                                  "operationId": "GetItems",
                                  "apiId": "/providers/Microsoft.PowerApps/apis/shared_sharepointonline"
                                },
                                "parameters": {
                                  "dataset": "https://indica.sharepoint.com/sites/ScheduleMaintenance",
                                  "table": "348d76d8-15f8-412f-9775-47125ba2ff4f",
                                  "$filter": "EventDate lt '@{variables('TodayDate')}'  and EventDate ge '@{outputs('Incomplete_Events_for_Last_7_Days_-_Date_for_Pune_Plant')}'  and Plant eq '2' and Status ne 'Completed'",
                                  "$orderby": "EventDate desc"
                                },
                                "authentication": "@parameters('$authentication')"
                              },
                              "runtimeConfiguration": {
                                "paginationPolicy": {
                                  "minimumItemCount": 5000
                                }
                              }
                            },
                            "Check_Empty_Value_for_Incomplete_Event_for_Pune_Plant": {
                              "actions": {
                                "Select_Incomplete_-_Pune_Plant": {
                                  "runAfter": {},
                                  "metadata": {
                                    "operationMetadataId": "c973d111-a0e9-40ec-b40d-4930d735ecbf"
                                  },
                                  "type": "Select",
                                  "inputs": {
                                    "from": "@outputs('Get_items_for_Incomplete_Events_for_Pune_Plant')?['body/value']",
                                    "select": {
                                      "Title": "@item()?['Title']",
                                      "Event Date": "@formatDateTime(item()?['EventDate'],'yyyy-MM-dd')",
                                      "Assigned To": "@item()?['AssignedTo/DisplayName']",
                                      "Priority": "@item()?['Priority_x003a_Title/Value']"
                                    }
                                  }
                                },
                                "Create_HTML_table_-_Incomplete_-_Pune_Plant": {
                                  "runAfter": {
                                    "Select_Incomplete_-_Pune_Plant": [
                                      "Succeeded"
                                    ]
                                  },
                                  "metadata": {
                                    "operationMetadataId": "c7c213c2-a182-4a15-a595-ad004a09d128"
                                  },
                                  "type": "Table",
                                  "inputs": {
                                    "from": "@body('Select_Incomplete_-_Pune_Plant')",
                                    "format": "HTML"
                                  }
                                },
                                "Incomplete_Event_for_Pune_Plant": {
                                  "runAfter": {
                                    "Create_HTML_table_-_Incomplete_-_Pune_Plant": [
                                      "Succeeded"
                                    ]
                                  },
                                  "metadata": {
                                    "operationMetadataId": "a547f59e-1c7c-446b-8017-eeae1743db9b"
                                  },
                                  "type": "Compose",
                                  "inputs": "Here are some of the events from the <b> last 7 days </b> that are still Incomplete from your maintenance calendar.<br><br>\n<style>table { border: 1px solid #1C6EA4; background-color: #EEEEEE; width: 100%; text-align: left; border-collapse: collapse; } table td, table th { border: 1px solid #AAAAAA; padding: 3px 2px; } table tbody td { font-size: 13px; } table thead { background: #02A0E1; border-bottom: 2px solid #444444; } table thead th { font-size: 15px; font-weight: bold; color: #FFFFFF; border-left: 2px solid #D0E4F5; } table thead th:first-child { border-left: none; } </style>@{body('Create_HTML_table_-_Incomplete_-_Pune_Plant')}"
                                }
                              },
                              "runAfter": {
                                "Get_items_for_Incomplete_Events_for_Pune_Plant": [
                                  "Succeeded"
                                ]
                              },
                              "expression": {
                                "equals": [
                                  "@empty(outputs('Get_items_for_Incomplete_Events_for_Pune_Plant')?['body/value'])",
                                  "@false"
                                ]
                              },
                              "metadata": {
                                "operationMetadataId": "1e10d239-b9ef-44cb-92c9-c03dd847cfa1"
                              },
                              "type": "If"
                            },
                            "Pune_Plant_Users": {
                              "runAfter": {
                                "Apply_to_each_2": [
                                  "Succeeded"
                                ]
                              },
                              "metadata": {
                                "operationMetadataId": "05b01424-aa30-42b9-8562-37381ea56a65"
                              },
                              "type": "Compose",
                              "inputs": "@join(variables('VarGroupUser'),';')"
                            },
                            "Get_item_-_Pune_Plant_Assigned_To_users": {
                              "runAfter": {
                                "Check_Empty_Value_for_Incomplete_Event_for_Pune_Plant": [
                                  "Succeeded"
                                ]
                              },
                              "metadata": {
                                "operationMetadataId": "b678ed92-47a5-4d1a-be3f-17bc51bba106"
                              },
                              "type": "OpenApiConnection",
                              "inputs": {
                                "host": {
                                  "connectionName": "shared_sharepointonline_1",
                                  "operationId": "GetItem",
                                  "apiId": "/providers/Microsoft.PowerApps/apis/shared_sharepointonline"
                                },
                                "parameters": {
                                  "dataset": "https://indica.sharepoint.com/sites/ScheduleMaintenance",
                                  "table": "1b30876b-e40b-4aa5-a9e8-c08cdd545617",
                                  "id": "@items('Apply_to_each')?['ID']"
                                },
                                "authentication": "@parameters('$authentication')"
                              }
                            },
                            "Apply_to_each_2": {
                              "foreach": "@outputs('Get_item_-_Pune_Plant_Assigned_To_users')?['body/AssignedTo']",
                              "actions": {
                                "Append_to_array_variable": {
                                  "runAfter": {},
                                  "metadata": {
                                    "operationMetadataId": "8a78eb8d-c5e6-4749-bc72-a4f4091dde82"
                                  },
                                  "type": "AppendToArrayVariable",
                                  "inputs": {
                                    "name": "VarGroupUser",
                                    "value": "@items('Apply_to_each_2')?['Email']"
                                  }
                                }
                              },
                              "runAfter": {
                                "Get_item_-_Pune_Plant_Assigned_To_users": [
                                  "Succeeded"
                                ]
                              },
                              "metadata": {
                                "operationMetadataId": "471771ae-f53c-4a70-ab8d-96a3485533fc"
                              },
                              "type": "Foreach"
                            },
                            "Condition": {
                              "actions": {
                                "Send_an_email_(V2)": {
                                  "runAfter": {},
                                  "metadata": {
                                    "operationMetadataId": "67e5fd0f-6ccb-4919-9eac-d62110d60f6d"
                                  },
                                  "type": "OpenApiConnection",
                                  "inputs": {
                                    "host": {
                                      "connectionName": "shared_office365",
                                      "operationId": "SendEmailV2",
                                      "apiId": "/providers/Microsoft.PowerApps/apis/shared_office365"
                                    },
                                    "parameters": {
                                      "emailMessage/To": "@outputs('Pune_Plant_Users')",
                                      "emailMessage/Subject": "Schedule Maintenance Events for Today",
                                      "emailMessage/Body": "<p>Hello All,<br>\n@{outputs('No_Event_Statement_2')}\n@{outputs('Todays_Event_for_Pune_Plant')}<br>\n@{outputs('Incomplete_Event_for_Pune_Plant')}<br>\n<br>\nYou can view the event details and complete the events by <a href=\"@{variables('VarLink')}\">clicking here </a>.<br>\n<br>\nThank You<br>\n</p>",
                                      "emailMessage/Importance": "Normal"
                                    },
                                    "authentication": "@parameters('$authentication')"
                                  }
                                }
                              },
                              "runAfter": {
                                "Date": [
                                  "Succeeded"
                                ]
                              },
                              "expression": {
                                "and": [
                                  {
                                    "or": [
                                      {
                                        "equals": [
                                          "@empty(outputs('Get_items_from_Maintenance_Event_List_for_Pune_Plant')?['body/value'])",
                                          "@false"
                                        ]
                                      },
                                      {
                                        "equals": [
                                          "@empty(outputs('Get_items_for_Incomplete_Events_for_Pune_Plant')?['body/value'])",
                                          "@false"
                                        ]
                                      }
                                    ]
                                  },
                                  {
                                    "and": [
                                      {
                                        "not": {
                                          "equals": [
                                            "@dayOfWeek(variables('TodayDate'))",
                                            0
                                          ]
                                        }
                                      },
                                      {
                                        "not": {
                                          "equals": [
                                            "@dayOfWeek(variables('TodayDate'))",
                                            6
                                          ]
                                        }
                                      }
                                    ]
                                  }
                                ]
                              },
                              "metadata": {
                                "operationMetadataId": "16a70b13-b7c3-4995-9f46-8343b2280c07"
                              },
                              "type": "If"
                            },
                            "Date": {
                              "runAfter": {
                                "Pune_Plant_Users": [
                                  "Succeeded"
                                ]
                              },
                              "metadata": {
                                "operationMetadataId": "ccba0c6c-4bf4-4395-9917-777d7520a474"
                              },
                              "type": "Compose",
                              "inputs": "2023-09-03"
                            }
                          },
                          "runAfter": {},
                          "metadata": {
                            "operationMetadataId": "1f6e2b7b-c683-4a32-ac70-06a2712f0e0d"
                          },
                          "type": "Scope"
                        }
                      },
                      "runAfter": {},
                      "expression": {
                        "or": [
                          {
                            "equals": [
                              "@outputs('Time_in_IST_Format')",
                              "@string('6:00 AM')"
                            ]
                          },
                          {
                            "equals": [
                              "@outputs('Time_in_IST_Format')",
                              "@string('6:00 AM')"
                            ]
                          }
                        ]
                      },
                      "metadata": {
                        "operationMetadataId": "74581ef9-ee57-4849-aaf9-512d56d8885c"
                      },
                      "type": "If"
                    }
                  }
                }
              },
              "default": {
                "actions": {}
              },
              "expression": "@items('Apply_to_each')?['ID']",
              "metadata": {
                "operationMetadataId": "fa7dedf2-6998-4868-8e2d-02d81c0778a2"
              },
              "type": "Switch"
            }
          },
          "runAfter": {
            "Get_items_-_Plant_Details": [
              "Succeeded"
            ]
          },
          "metadata": {
            "operationMetadataId": "d6bf6ce3-38c7-4541-b988-f7a434bdd658"
          },
          "type": "Foreach"
        },
        "Calendar_Link": {
          "runAfter": {
            "Todays_Date": [
              "Succeeded"
            ]
          },
          "metadata": {
            "operationMetadataId": "4d83cd39-ed77-491a-82e9-cab110379708"
          },
          "type": "InitializeVariable",
          "inputs": {
            "variables": [
              {
                "name": "VarLink",
                "type": "string",
                "value": "https://indica.sharepoint.com/sites/ScheduleMaintenance"
              }
            ]
          }
        },
        "Last_7_Days": {
          "runAfter": {
            "Calendar_Link": [
              "Succeeded"
            ]
          },
          "metadata": {
            "operationMetadataId": "4a2002d5-7ccd-4f15-9973-52d3049e41a1"
          },
          "type": "InitializeVariable",
          "inputs": {
            "variables": [
              {
                "name": "VarLastDays",
                "type": "integer",
                "value": -7
              }
            ]
          }
        },
        "SharePoint_Group_users": {
          "runAfter": {
            "Last_7_Days": [
              "Succeeded"
            ]
          },
          "metadata": {
            "operationMetadataId": "b5402530-bf99-4165-af9a-9fe0b3fabdd7"
          },
          "type": "InitializeVariable",
          "inputs": {
            "variables": [
              {
                "name": "VarGroupUser",
                "type": "array"
              }
            ]
          }
        },
        "Time_in_IST_Format": {
          "runAfter": {
            "Convert_time_zone": [
              "Succeeded"
            ]
          },
          "metadata": {
            "operationMetadataId": "b51a769f-a360-44b4-b2a2-ca8c315d2476"
          },
          "type": "Compose",
          "inputs": "@body('Convert_time_zone')"
        },
        "Todays_Date": {
          "runAfter": {
            "Time_in_IST_Format": [
              "Succeeded"
            ]
          },
          "metadata": {
            "operationMetadataId": "ada118cc-ba91-466c-8fac-8274e1f66af9"
          },
          "type": "InitializeVariable",
          "inputs": {
            "variables": [
              {
                "name": "TodayDate",
                "type": "string",
                "value": "@{formatDateTime(body('Convert_time_zone'),'yyyy-MM-dd')}"
              }
            ]
          }
        },
        "Terminate": {
          "runAfter": {
            "Apply_to_each": [
              "Succeeded"
            ]
          },
          "metadata": {
            "operationMetadataId": "683670e5-900c-427a-9721-99bbac376f6d"
          },
          "type": "Terminate",
          "inputs": {
            "runStatus": "Succeeded"
          }
        }
      }
    },
    "templateName": ""
  },
  "schemaVersion": "1.0.0.0"
}